{"max_open_trades":5,"stake_currency":"USDT","stake_amount":100,"tradable_balance_ratio":0.99,"fiat_display_currency":"USD","timeframe":"5m","dry_run":true,"cancel_open_orders_on_exit":false,"unfilledtimeout":{"entry":10,"exit":10,"exit_timeout_count":0,"unit":"minutes"},"entry_pricing":{"price_side":"same","use_order_book":true,"order_book_top":1,"price_last_balance":0.0,"check_depth_of_market":{"enabled":false,"bids_to_ask_delta":1}},"exit_pricing":{"price_side":"same","use_order_book":true,"order_book_top":1},"exchange":{"name":"binance","key":"REDACTED","secret":"REDACTED","ccxt_config":{"enableRateLimit":true,"adjustForTimeDifference":true},"ccxt_async_config":{"enableRateLimit":true,"adjustForTimeDifference":true},"pair_whitelist":["BTC/USDT","ETH/USDT","BNB/USDT","SOL/USDT","XRP/USDT","DOGE/USDT","ADA/USDT","SHIB/USDT","AVAX/USDT","DOT/USDT","LINK/USDT","MATIC/USDT","TRX/USDT","BCH/USDT","LTC/USDT","UNI/USDT","ATOM/USDT","XLM/USDT","XMR/USDT","ETC/USDT","FIL/USDT","APT/USDT","HBAR/USDT","NEAR/USDT","VET/USDT"],"pair_blacklist":[]},"pairlists":[{"method":"StaticPairList"}],"bot_name":"freqtrade","initial_state":"running","force_entry_enable":false,"internals":{"process_throttle_secs":5},"config_files":["config.json"]}