{
  "strategy_name": "NASOSv5_mod3",
  "params": {
    "roi": {
      "0": 10
    },
    "stoploss": {
      "stoploss": -0.15
    },
    "trailing": {
      "trailing_stop": false,
      "trailing_stop_positive": null,
      "trailing_stop_positive_offset": 0.0,
      "trailing_only_offset_is_reached": false
    },
    "max_open_trades": {
      "max_open_trades": 5
    },
    "buy": {
      "buy_ma_type": "EMA",
      "lookback_candles": 7,
      "rsi_buy": 44,
      "rsi_fast_buy": 30,
      "base_nb_candles_buy": 12,
      "ewo_high": -3.423,
      "ewo_high_2": 17.281,
      "ewo_low": 11.235,
      "low_offset": 0.631,
      "low_offset_2": 0.972,
      "profit_threshold": 1.077
    },
    "sell": {
      "high_offset": 1.317,
      "high_offset_2": 1.045,
      "pHSL": -0.169,
      "pPF_1": 0.044,
      "pPF_2": 0.124,
      "pSL_1": 0.012,
      "pSL_2": 0.049
    },
    "protection": {}
  },
  "ft_stratparam_v": 1,
  "export_time": "2025-05-25 08:03:28.748004+00:00"
}