date,open,high,low,close,volume,sma_short,sma_long,signal,position,returns,strategy_returns,cumulative_returns,cumulative_strategy_returns
2023-01-01,100.0,105.0,95.0,102.0,1000000,,,0,0.0,,,,
2023-01-02,100.1,105.1,95.1,102.1,1001000,,,0,0.0,0.0009803921568627416,0.0,0.0009803921568627416,0.0
2023-01-03,100.2,105.2,95.2,102.2,1002000,,,0,0.0,0.0009794319294809117,0.0,0.0019607843137254832,0.0
2023-01-04,100.3,105.3,95.3,102.3,1003000,,,0,0.0,0.0009784735812132794,0.0,0.002941176470588225,0.0
2023-01-05,100.4,105.4,95.4,102.4,1004000,,,0,0.0,0.0009775171065493637,0.0,0.0039215686274509665,0.0
2023-01-06,100.5,105.5,95.5,102.5,1005000,,,0,0.0,0.0009765625,0.0,0.004901960784313708,0.0
2023-01-07,100.6,105.6,95.6,102.6,1006000,,,0,0.0,0.0009756097560975618,0.0,0.00588235294117645,0.0
2023-01-08,100.7,105.7,95.7,102.7,1007000,,,0,0.0,0.0009746588693957392,0.0,0.006862745098039191,0.0
2023-01-09,100.8,105.8,95.8,102.8,1008000,,,0,0.0,0.0009737098344693162,0.0,0.007843137254901933,0.0
2023-01-10,100.9,105.9,95.9,102.9,1009000,,,0,0.0,0.0009727626459143934,0.0,0.008823529411764675,0.0
2023-01-11,101.0,106.0,96.0,103.0,1010000,,,0,0.0,0.0009718172983479434,0.0,0.009803921568627416,0.0
2023-01-12,101.1,106.1,96.1,103.1,1011000,,,0,0.0,0.000970873786407811,0.0,0.010784313725490158,0.0
2023-01-13,101.2,106.2,96.2,103.2,1012000,,,0,0.0,0.0009699321047527132,0.0,0.0117647058823529,0.0
2023-01-14,101.3,106.3,96.3,103.3,1013000,,,0,0.0,0.0009689922480620172,0.0,0.012745098039215641,0.0
2023-01-15,101.4,106.4,96.4,103.4,1014000,,,0,0.0,0.0009680542110359625,0.0,0.013725490196078605,0.0
2023-01-16,101.5,106.5,96.5,103.5,1015000,,,0,0.0,0.0009671179883945502,0.0,0.014705882352941346,0.0
2023-01-17,101.6,106.6,96.6,103.6,1016000,,,0,0.0,0.0009661835748790981,0.0,0.015686274509803866,0.0
2023-01-18,101.7,106.7,96.7,103.7,1017000,,,0,0.0,0.0009652509652511299,0.0,0.01666666666666683,0.0
2023-01-19,101.8,106.8,96.8,103.8,1018000,,,0,0.0,0.0009643201542912649,0.0,0.01764705882352957,0.0
2023-01-20,101.9,106.9,96.9,103.9,1019000,102.95,,0,0.0,0.0009633911368016612,0.0,0.018627450980392535,0.0
2023-01-21,102.0,107.0,97.0,104.0,1020000,103.05,,0,0.0,0.0009624639076033503,0.0,0.019607843137255054,0.0
2023-01-22,102.1,107.1,97.1,104.1,1021000,103.15,,0,0.0,0.0009615384615384581,0.0,0.020588235294117796,0.0
2023-01-23,102.2,107.2,97.2,104.2,1022000,103.25,,0,0.0,0.0009606147934679843,0.0,0.02156862745098076,0.0
2023-01-24,102.3,107.3,97.3,104.3,1023000,103.35,,0,0.0,0.0009596928982724684,0.0,0.0225490196078435,0.0
2023-01-25,102.4,107.4,97.4,104.4,1024000,103.45,,0,0.0,0.0009587727708533222,0.0,0.023529411764706243,0.0
2023-01-26,102.5,107.5,97.5,104.5,1025000,103.55,,0,0.0,0.0009578544061301653,0.0,0.024509803921568984,0.0
2023-01-27,102.6,107.6,97.6,104.6,1026000,103.65,,0,0.0,0.000956937799043045,0.0,0.025490196078431726,0.0
2023-01-28,102.7,107.7,97.7,104.7,1027000,103.75,,0,0.0,0.0009560229445506607,0.0,0.026470588235294468,0.0
2023-01-29,102.8,107.8,97.8,104.8,1028000,103.85,,0,0.0,0.0009551098376312517,0.0,0.02745098039215721,0.0
2023-01-30,102.9,107.9,97.9,104.9,1029000,103.95,,0,0.0,0.000954198473282597,0.0,0.028431372549020173,0.0
2023-01-31,103.0,108.0,98.0,105.0,1030000,104.05,,0,0.0,0.0009532888465204614,0.0,0.029411764705882915,0.0
2023-02-01,103.1,108.1,98.1,105.1,1031000,104.15,,0,0.0,0.0009523809523808158,0.0,0.030392156862745434,0.0
2023-02-02,103.2,108.2,98.2,105.2,1032000,104.25,,0,0.0,0.0009514747859182826,0.0,0.0313725490196084,0.0
2023-02-03,103.3,108.3,98.3,105.3,1033000,104.35,,0,0.0,0.000950570342205248,0.0,0.03235294117647114,0.0
2023-02-04,103.4,108.4,98.4,105.4,1034000,104.45,,0,0.0,0.0009496676163343043,0.0,0.03333333333333388,0.0
2023-02-05,103.5,108.5,98.5,105.5,1035000,104.55,,0,0.0,0.000948766603415585,0.0,0.03431372549019662,0.0
2023-02-06,103.6,108.6,98.6,105.6,1036000,104.65,,0,0.0,0.0009478672985780978,0.0,0.035294117647059364,0.0
2023-02-07,103.7,108.7,98.7,105.7,1037000,104.75,,0,0.0,0.0009469696969697239,0.0,0.036274509803922106,0.0
2023-02-08,103.8,108.8,98.8,105.8,1038000,104.85,,0,0.0,0.0009460737937558861,0.0,0.03725490196078485,0.0
2023-02-09,103.9,108.9,98.9,105.9,1039000,104.95,,0,0.0,0.000945179584121103,0.0,0.03823529411764781,0.0
2023-02-10,104.0,109.0,99.0,106.0,1040000,105.05,,0,0.0,0.0009442870632672129,0.0,0.03921568627451055,0.0
2023-02-11,104.1,109.1,99.1,106.1,1041000,105.15,,0,0.0,0.0009433962264151496,0.0,0.040196078431373294,0.0
2023-02-12,104.2,109.2,99.2,106.2,1042000,105.25,,0,0.0,0.0009425070688031667,0.0,0.04117647058823626,0.0
2023-02-13,104.3,109.3,99.3,106.3,1043000,105.35,,0,0.0,0.0009416195856872811,0.0,0.042156862745099,0.0
2023-02-14,104.4,109.4,99.4,106.4,1044000,105.45,,0,0.0,0.0009407337723426057,0.0,0.04313725490196196,0.0
2023-02-15,104.5,109.5,99.5,106.5,1045000,105.55,,0,0.0,0.0009398496240600185,0.0,0.04411764705882448,0.0
2023-02-16,104.6,109.6,99.6,106.6,1046000,105.65,,0,0.0,0.0009389671361501595,0.0,0.045098039215687225,0.0
2023-02-17,104.7,109.7,99.7,106.7,1047000,105.75,,0,0.0,0.0009380863039401,0.0,0.04607843137255019,0.0
2023-02-18,104.8,109.8,99.8,106.8,1048000,105.85,,0,0.0,0.0009372071227740086,0.0,0.04705882352941271,0.0
2023-02-19,104.9,109.9,99.9,106.9,1049000,105.95,104.45,1,0.0,0.0009363295880151501,0.0,0.04803921568627567,0.0
2023-02-20,105.0,110.0,100.0,107.0,1050000,106.05,104.55,1,1.0,0.00093545369504211,0.00093545369504211,0.04901960784313841,0.00093545369504211
2023-02-21,105.1,110.1,100.1,107.1,1051000,106.15,104.65,1,1.0,0.0009345794392523477,0.0009345794392523477,0.050000000000001155,0.00187090739008422
2023-02-22,105.2,110.2,100.2,107.2,1052000,106.25,104.75,1,1.0,0.0009337068160597539,0.0009337068160597539,0.050980392156863896,0.00280636108512633
2023-02-23,105.3,110.3,100.3,107.3,1053000,106.35,104.85,1,1.0,0.000932835820895539,0.000932835820895539,0.05196078431372664,0.00374181478016844
2023-02-24,105.4,110.4,100.4,107.4,1054000,106.45,104.95,1,1.0,0.0009319664492080104,0.0009319664492080104,0.0529411764705896,0.004677268475210772
2023-02-25,105.5,110.5,100.5,107.5,1055000,106.55,105.05,1,1.0,0.0009310986964616852,0.0009310986964616852,0.05392156862745212,0.00561272217025266
2023-02-26,105.6,110.6,100.6,107.6,1056000,106.65,105.15,1,1.0,0.0009302325581395099,0.0009302325581395099,0.05490196078431486,0.00654817586529477
2023-02-27,105.7,110.7,100.7,107.7,1057000,106.75,105.25,1,1.0,0.0009293680297397522,0.0009293680297397522,0.055882352941177604,0.00748362956033688
2023-02-28,105.8,110.8,100.8,107.8,1058000,106.85,105.35,1,1.0,0.0009285051067779992,0.0009285051067779992,0.056862745098040346,0.00841908325537899
2023-03-01,105.9,110.9,100.9,107.9,1059000,106.95,105.45,1,1.0,0.0009276437847867136,0.0009276437847867136,0.05784313725490309,0.0093545369504211
2023-03-02,106.0,111.0,101.0,108.0,1060000,107.05,105.55,1,1.0,0.000926784059314123,0.000926784059314123,0.05882352941176583,0.01028999064546321
2023-03-03,106.1,111.1,101.1,108.1,1061000,107.15,105.65,1,1.0,0.0009259259259257746,0.0009259259259257746,0.05980392156862835,0.011225444340505097
2023-03-04,106.2,111.2,101.2,108.2,1062000,107.25,105.75,1,1.0,0.0009250693802036469,0.0009250693802036469,0.06078431372549131,0.01216089803554743
2023-03-05,106.3,111.3,101.3,108.3,1063000,107.35,105.85,1,1.0,0.0009242144177448175,0.0009242144177448175,0.061764705882354054,0.013096351730589317
2023-03-06,106.4,111.4,101.4,108.4,1064000,107.45,105.95,1,1.0,0.0009233610341643494,0.0009233610341643494,0.0627450980392168,0.014031805425631427
2023-03-07,106.5,111.5,101.5,108.5,1065000,107.55,106.05,1,1.0,0.0009225092250921829,0.0009225092250921829,0.06372549019607954,0.014967259120673537
2023-03-08,106.6,111.6,101.6,108.6,1066000,107.65,106.15,1,1.0,0.0009216589861751334,0.0009216589861751334,0.06470588235294228,0.015902712815715647
2023-03-09,106.7,111.7,101.7,108.7,1067000,107.75,106.25,1,1.0,0.0009208103130755596,0.0009208103130755596,0.06568627450980502,0.016838166510757757
2023-03-10,106.8,111.8,101.8,108.8,1068000,107.85,106.35,1,1.0,0.0009199632014718073,0.0009199632014718073,0.06666666666666754,0.017773620205799645
2023-03-11,106.9,111.9,101.9,108.9,1069000,107.95,106.45,1,1.0,0.0009191176470588758,0.0009191176470588758,0.06764705882353028,0.018709073900841755
2023-03-12,107.0,112.0,102.0,109.0,1070000,108.05,106.55,1,1.0,0.0009182736455464191,0.0009182736455464191,0.06862745098039302,0.019644527595883865
2023-03-13,107.1,112.1,102.1,109.1,1071000,108.15,106.65,1,1.0,0.0009174311926605228,0.0009174311926605228,0.06960784313725576,0.020579981290925975
2023-03-14,107.2,112.2,102.2,109.2,1072000,108.25,106.75,1,1.0,0.0009165902841430373,0.0009165902841430373,0.0705882352941185,0.021515434985968085
2023-03-15,107.3,112.3,102.3,109.3,1073000,108.35,106.85,1,1.0,0.0009157509157509125,0.0009157509157509125,0.07156862745098125,0.022450888681010195
2023-03-16,107.4,112.4,102.4,109.4,1074000,108.45,106.95,1,1.0,0.0009149130832570851,0.0009149130832570851,0.07254901960784399,0.023386342376052305
2023-03-17,107.5,112.5,102.5,109.5,1075000,108.55,107.05,1,1.0,0.000914076782449591,0.000914076782449591,0.07352941176470651,0.024321796071094193
2023-03-18,107.6,112.6,102.6,109.6,1076000,108.65,107.15,1,1.0,0.0009132420091324533,0.0009132420091324533,0.07450980392156925,0.025257249766136303
2023-03-19,107.7,112.7,102.7,109.7,1077000,108.75,107.25,1,1.0,0.0009124087591241281,0.0009124087591241281,0.07549019607843199,0.026192703461178413
2023-03-20,107.8,112.8,102.8,109.8,1078000,108.85,107.35,1,1.0,0.0009115770282588365,0.0009115770282588365,0.07647058823529473,0.027128157156220523
2023-03-21,107.9,112.9,102.9,109.9,1079000,108.95,107.45,1,1.0,0.0009107468123863427,0.0009107468123863427,0.0774509803921577,0.028063610851262855
2023-03-22,108.0,113.0,103.0,110.0,1080000,109.05,107.55,1,1.0,0.0009099181073701779,0.0009099181073701779,0.07843137254902022,0.028999064546304743
2023-03-23,108.1,113.1,103.1,110.1,1081000,109.15,107.65,1,1.0,0.0009090909090907484,0.0009090909090907484,0.07941176470588274,0.02993451824134663
2023-03-24,108.2,113.2,103.2,110.2,1082000,109.25,107.75,1,1.0,0.0009082652134424496,0.0009082652134424496,0.0803921568627457,0.030869971936388962
2023-03-25,108.3,113.3,103.3,110.3,1083000,109.35,107.85,1,1.0,0.0009074410163338875,0.0009074410163338875,0.08137254901960844,0.03180542563143107
2023-03-26,108.4,113.4,103.4,110.4,1084000,109.45,107.95,1,1.0,0.0009066183136900996,0.0009066183136900996,0.0823529411764714,0.032740879326473404
2023-03-27,108.5,113.5,103.5,110.5,1085000,109.55,108.05,1,1.0,0.0009057971014492239,0.0009057971014492239,0.08333333333333415,0.033676333021515514
2023-03-28,108.6,113.6,103.6,110.6,1086000,109.65,108.15,1,1.0,0.0009049773755656076,0.0009049773755656076,0.08431372549019689,0.034611786716557624
2023-03-29,108.7,113.7,103.7,110.7,1087000,109.75,108.25,1,1.0,0.000904159132007365,0.000904159132007365,0.08529411764705985,0.035547240411599956
2023-03-30,108.8,113.8,103.8,110.8,1088000,109.85,108.35,1,1.0,0.0009033423667570428,0.0009033423667570428,0.0862745098039226,0.036482694106642066
2023-03-31,108.9,113.9,103.9,110.9,1089000,109.95,108.45,1,1.0,0.0009025270758122872,0.0009025270758122872,0.08725490196078534,0.037418147801684176
2023-04-01,109.0,114.0,104.0,111.0,1090000,110.05,108.55,1,1.0,0.0009017132551847329,0.0009017132551847329,0.08823529411764786,0.038353601496726064
2023-04-02,109.1,114.1,104.1,111.1,1091000,110.15,108.65,1,1.0,0.0009009009009008917,0.0009009009009008917,0.0892156862745106,0.039289055191768174
2023-04-03,109.2,114.2,104.2,111.2,1092000,110.25,108.75,1,1.0,0.0009000900090010422,0.0009000900090010422,0.09019607843137356,0.040224508886810506
2023-04-04,109.3,114.3,104.3,111.3,1093000,110.35,108.85,1,1.0,0.0008992805755394517,0.0008992805755394517,0.09117647058823608,0.041159962581852394
2023-04-05,109.4,114.4,104.4,111.4,1094000,110.45,108.95,1,1.0,0.0008984725965859308,0.0008984725965859308,0.09215686274509904,0.042095416276894726
2023-04-06,109.5,114.5,104.5,111.5,1095000,110.55,109.05,1,1.0,0.0008976660682225024,0.0008976660682225024,0.09313725490196156,0.043030869971936614
2023-04-07,109.6,114.6,104.6,111.6,1096000,110.65,109.15,1,1.0,0.0008968609865469546,0.0008968609865469546,0.09411764705882408,0.0439663236669785
2023-04-08,109.7,114.7,104.7,111.7,1097000,110.75,109.25,1,1.0,0.0008960573476703981,0.0008960573476703981,0.09509803921568705,0.044901777362020834
2023-04-09,109.8,114.8,104.8,111.8,1098000,110.85,109.35,1,1.0,0.0008952551477170445,0.0008952551477170445,0.09607843137254979,0.045837231057062944
2023-04-10,109.9,114.9,104.9,111.9,1099000,110.95,109.45,1,1.0,0.0008944543828266482,0.0008944543828266482,0.09705882352941275,0.046772684752105276
2023-04-11,110.0,115.0,105.0,112.0,1100000,111.05,109.55,1,1.0,0.0008936550491509543,0.0008936550491509543,0.0980392156862755,0.047708138447147386
2023-04-12,110.1,115.1,105.1,112.1,1101000,111.15,109.65,1,1.0,0.0008928571428570287,0.0008928571428570287,0.09901960784313801,0.048643592142189274
2023-04-13,110.2,115.2,105.2,112.2,1102000,111.25,109.75,1,1.0,0.000892060660125038,0.000892060660125038,0.10000000000000098,0.049579045837231606
2023-04-14,110.3,115.3,105.3,112.3,1103000,111.35,109.85,1,1.0,0.0008912655971478056,0.0008912655971478056,0.1009803921568635,0.050514499532273494
2023-04-15,110.4,115.4,105.4,112.4,1104000,111.45,109.95,1,1.0,0.0008904719501336977,0.0008904719501336977,0.10196078431372646,0.051449953227315826
2023-04-16,110.5,115.5,105.5,112.5,1105000,111.55,110.05,1,1.0,0.000889679715302405,0.000889679715302405,0.1029411764705892,0.052385406922357935
2023-04-17,110.6,115.6,105.6,112.6,1106000,111.65,110.15,1,1.0,0.000888888888888939,0.000888888888888939,0.10392156862745194,0.053320860617400045
2023-04-18,110.7,115.7,105.7,112.7,1107000,111.75,110.25,1,1.0,0.000888099467140302,0.000888099467140302,0.10490196078431469,0.054256314312442155
2023-04-19,110.8,115.8,105.8,112.8,1108000,111.85,110.35,1,1.0,0.0008873114463177068,0.0008873114463177068,0.10588235294117743,0.055191768007484265
2023-04-20,110.9,115.9,105.9,112.9,1109000,111.95,110.45,1,1.0,0.0008865248226950229,0.0008865248226950229,0.10686274509804017,0.056127221702526375
2023-04-21,111.0,116.0,106.0,113.0,1110000,112.05,110.55,1,1.0,0.0008857395925596645,0.0008857395925596645,0.10784313725490269,0.05706267539756826
2023-04-22,111.1,116.1,106.1,113.1,1111000,112.15,110.65,1,1.0,0.0008849557522123686,0.0008849557522123686,0.10882352941176543,0.05799812909261037
2023-04-23,111.2,116.2,106.2,113.2,1112000,112.25,110.75,1,1.0,0.0008841732979665284,0.0008841732979665284,0.1098039215686284,0.058933582787652705
2023-04-24,111.3,116.3,106.3,113.3,1113000,112.35,110.85,1,1.0,0.0008833922261484162,0.0008833922261484162,0.11078431372549113,0.059869036482694815
2023-04-25,111.4,116.4,106.4,113.4,1114000,112.45,110.95,1,1.0,0.0008826125330980705,0.0008826125330980705,0.1117647058823541,0.060804490177736925
2023-04-26,111.5,116.5,106.5,113.5,1115000,112.55,111.05,1,1.0,0.0008818342151675207,0.0008818342151675207,0.11274509803921684,0.061739943872779035
2023-04-27,111.6,116.6,106.6,113.6,1116000,112.65,111.15,1,1.0,0.0008810572687223406,0.0008810572687223406,0.11372549019607936,0.06267539756782092
2023-04-28,111.7,116.7,106.7,113.7,1117000,112.75,111.25,1,1.0,0.0008802816901409827,0.0008802816901409827,0.11470588235294232,0.06361085126286325
2023-04-29,111.8,116.8,106.8,113.8,1118000,112.85,111.35,1,1.0,0.0008795074758134458,0.0008795074758134458,0.11568627450980506,0.06454630495790514
2023-04-30,111.9,116.9,106.9,113.9,1119000,112.95,111.45,1,1.0,0.0008787346221441616,0.0008787346221441616,0.1166666666666678,0.06548175865294725
2023-05-01,112.0,117.0,107.0,114.0,1120000,113.05,111.55,1,1.0,0.0008779631255486642,0.0008779631255486642,0.11764705882353055,0.06641721234798936
2023-05-02,112.1,117.1,107.1,114.1,1121000,113.15,111.65,1,1.0,0.0008771929824560321,0.0008771929824560321,0.11862745098039307,0.06735266604303125
2023-05-03,112.2,117.2,107.2,114.2,1122000,113.25,111.75,1,1.0,0.0008764241893077784,0.0008764241893077784,0.11960784313725603,0.06828811973807358
2023-05-04,112.3,117.3,107.3,114.3,1123000,113.35,111.85,1,1.0,0.0008756567425569628,0.0008756567425569628,0.12058823529411877,0.06922357343311569
2023-05-05,112.4,117.4,107.4,114.4,1124000,113.45,111.95,1,1.0,0.0008748906386701893,0.0008748906386701893,0.12156862745098151,0.0701590271281578
2023-05-06,112.5,117.5,107.5,114.5,1125000,113.55,112.05,1,1.0,0.0008741258741258306,0.0008741258741258306,0.12254901960784426,0.07109448082319991
2023-05-07,112.6,117.6,107.6,114.6,1126000,113.65,112.15,1,1.0,0.0008733624454146938,0.0008733624454146938,0.12352941176470678,0.0720299345182418
2023-05-08,112.7,117.7,107.7,114.7,1127000,113.75,112.25,1,1.0,0.0008726003490402423,0.0008726003490402423,0.12450980392156974,0.07296538821328391
2023-05-09,112.8,117.8,107.8,114.8,1128000,113.85,112.35,1,1.0,0.0008718395815170421,0.0008718395815170421,0.12549019607843248,0.07390084190832602
2023-05-10,112.9,117.9,107.9,114.9,1129000,113.95,112.45,1,1.0,0.0008710801393729817,0.0008710801393729817,0.12647058823529544,0.07483629560336835
2023-05-11,113.0,118.0,108.0,115.0,1130000,114.05,112.55,1,1.0,0.0008703220191470518,0.0008703220191470518,0.1274509803921582,0.07577174929841046
2023-05-12,113.1,118.1,108.1,115.1,1131000,114.15,112.65,1,1.0,0.0008695652173913437,0.0008695652173913437,0.12843137254902093,0.07670720299345257
2023-05-13,113.2,118.2,108.2,115.2,1132000,114.25,112.75,1,1.0,0.0008688097306690512,0.0008688097306690512,0.12941176470588367,0.07764265668849468
2023-05-14,113.3,118.3,108.3,115.3,1133000,114.35,112.85,1,1.0,0.0008680555555555802,0.0008680555555555802,0.1303921568627464,0.07857811038353679
2023-05-15,113.4,118.4,108.4,115.4,1134000,114.45,112.95,1,1.0,0.0008673026886383273,0.0008673026886383273,0.13137254901960915,0.0795135640785789
2023-05-16,113.5,118.5,108.5,115.5,1135000,114.55,113.05,1,1.0,0.0008665511265164572,0.0008665511265164572,0.1323529411764719,0.08044901777362101
2023-05-17,113.6,118.6,108.6,115.6,1136000,114.65,113.15,1,1.0,0.0008658008658009031,0.0008658008658009031,0.13333333333333464,0.08138447146866312
2023-05-18,113.7,118.7,108.7,115.7,1137000,114.75,113.25,1,1.0,0.0008650519031143666,0.0008650519031143666,0.1343137254901976,0.08231992516370545
2023-05-19,113.8,118.8,108.8,115.8,1138000,114.85,113.35,1,1.0,0.0008643042350906516,0.0008643042350906516,0.13529411764706034,0.08325537885874734
2023-05-20,113.9,118.9,108.9,115.9,1139000,114.95,113.45,1,1.0,0.0008635578583766623,0.0008635578583766623,0.1362745098039233,0.08419083255378967
2023-05-21,114.0,119.0,109.0,116.0,1140000,115.05,113.55,1,1.0,0.0008628127696288512,0.0008628127696288512,0.13725490196078582,0.08512628624883156
2023-05-22,114.1,119.1,109.1,116.1,1141000,115.15,113.65,1,1.0,0.0008620689655172153,0.0008620689655172153,0.13823529411764857,0.08606173994387367
2023-05-23,114.2,119.2,109.2,116.2,1142000,115.25,113.75,1,1.0,0.0008613264427219658,0.0008613264427219658,0.13921568627451153,0.086997193638916
2023-05-24,114.3,119.3,109.3,116.3,1143000,115.35,113.85,1,1.0,0.000860585197934638,0.000860585197934638,0.14019607843137427,0.08793264733395811
2023-05-25,114.4,119.4,109.4,116.4,1144000,115.45,113.95,1,1.0,0.0008598452278589797,0.0008598452278589797,0.141176470588237,0.08886810102900022
2023-05-26,114.5,119.5,109.5,116.5,1145000,115.55,114.05,1,1.0,0.0008591065292096189,0.0008591065292096189,0.14215686274509975,0.08980355472404233
2023-05-27,114.6,119.6,109.6,116.6,1146000,115.65,114.15,1,1.0,0.0008583690987125081,0.0008583690987125081,0.1431372549019625,0.09073900841908444
2023-05-28,114.7,119.7,109.7,116.7,1147000,115.75,114.25,1,1.0,0.0008576329331047017,0.0008576329331047017,0.14411764705882524,0.09167446211412655
2023-05-29,114.8,119.8,109.8,116.8,1148000,115.85,114.35,1,1.0,0.0008568980291345785,0.0008568980291345785,0.14509803921568798,0.09260991580916866
2023-05-30,114.9,119.9,109.9,116.9,1149000,115.95,114.45,1,1.0,0.0008561643835616195,0.0008561643835616195,0.14607843137255072,0.09354536950421077
2023-05-31,115.0,120.0,110.0,117.0,1150000,116.05,114.55,1,1.0,0.0008554319931564081,0.0008554319931564081,0.14705882352941324,0.09448082319925266
2023-06-01,115.1,120.1,110.1,117.1,1151000,116.15,114.65,1,1.0,0.0008547008547008517,0.0008547008547008517,0.14803921568627598,0.09541627689429477
2023-06-02,115.2,120.2,110.2,117.2,1152000,116.25,114.75,1,1.0,0.000853970964987294,0.000853970964987294,0.14901960784313895,0.09635173058933688
2023-06-03,115.3,120.3,110.3,117.3,1153000,116.35,114.85,1,1.0,0.0008532423208189588,0.0008532423208189588,0.15000000000000147,0.09728718428437877
2023-06-04,115.4,120.4,110.4,117.4,1154000,116.45,114.95,1,1.0,0.0008525149190110604,0.0008525149190110604,0.1509803921568642,0.09822263797942088
2023-06-05,115.5,120.5,110.5,117.5,1155000,116.55,115.05,1,1.0,0.0008517887563883608,0.0008517887563883608,0.15196078431372695,0.09915809167446299
2023-06-06,115.6,120.6,110.6,117.6,1156000,116.65,115.15,1,1.0,0.0008510638297871687,0.0008510638297871687,0.1529411764705897,0.1000935453695051
2023-06-07,115.7,120.7,110.7,117.7,1157000,116.75,115.25,1,1.0,0.0008503401360544505,0.0008503401360544505,0.15392156862745243,0.10102899906454721
2023-06-08,115.8,120.8,110.8,117.8,1158000,116.85,115.35,1,1.0,0.000849617672047609,0.000849617672047609,0.15490196078431517,0.10196445275958932
2023-06-09,115.9,120.9,110.9,117.9,1159000,116.95,115.45,1,1.0,0.0008488964346351491,0.0008488964346351491,0.15588235294117814,0.10289990645463165
2023-06-10,116.0,121.0,111.0,118.0,1160000,117.05,115.55,1,1.0,0.0008481764206953457,0.0008481764206953457,0.15686274509804066,0.10383536014967354
2023-06-11,116.1,121.1,111.1,118.1,1161000,117.15,115.65,1,1.0,0.0008474576271186862,0.0008474576271186862,0.1578431372549034,0.10477081384471565
2023-06-12,116.2,121.2,111.2,118.2,1162000,117.25,115.75,1,1.0,0.0008467400508045397,0.0008467400508045397,0.15882352941176636,0.10570626753975798
2023-06-13,116.3,121.3,111.3,118.3,1163000,117.35,115.85,1,1.0,0.0008460236886631556,0.0008460236886631556,0.15980392156862888,0.10664172123479987
2023-06-14,116.4,121.4,111.4,118.4,1164000,117.45,115.95,1,1.0,0.0008453085376163294,0.0008453085376163294,0.16078431372549185,0.10757717492984198
2023-06-15,116.5,121.5,111.5,118.5,1165000,117.55,116.05,1,1.0,0.0008445945945945166,0.0008445945945945166,0.1617647058823546,0.10851262862488409
2023-06-16,116.6,121.6,111.6,118.6,1166000,117.65,116.15,1,1.0,0.0008438818565399409,0.0008438818565399409,0.1627450980392171,0.10944808231992598
2023-06-17,116.7,121.7,111.7,118.7,1167000,117.75,116.25,1,1.0,0.000843170320404818,0.000843170320404818,0.16372549019608007,0.11038353601496809
2023-06-18,116.8,121.8,111.8,118.8,1168000,117.85,116.35,1,1.0,0.0008424599831506896,0.0008424599831506896,0.1647058823529426,0.11131898971000997
2023-06-19,116.9,121.9,111.9,118.9,1169000,117.95,116.45,1,1.0,0.0008417508417508657,0.0008417508417508657,0.16568627450980533,0.11225444340505208
2023-06-20,117.0,122.0,112.0,119.0,1170000,118.05,116.55,1,1.0,0.000841042893187538,0.000841042893187538,0.16666666666666807,0.1131898971000942
2023-06-21,117.1,122.1,112.1,119.1,1171000,118.15,116.65,1,1.0,0.0008403361344537785,0.0008403361344537785,0.16764705882353081,0.1141253507951363
2023-06-22,117.2,122.2,112.2,119.2,1172000,118.25,116.75,1,1.0,0.0008396305625526512,0.0008396305625526512,0.16862745098039378,0.11506080449017864
2023-06-23,117.3,122.3,112.3,119.3,1173000,118.35,116.85,1,1.0,0.0008389261744965459,0.0008389261744965459,0.16960784313725652,0.11599625818522052
2023-06-24,117.4,122.4,112.4,119.4,1174000,118.45,116.95,1,1.0,0.0008382229673093988,0.0008382229673093988,0.17058823529411948,0.11693171188026263
2023-06-25,117.5,122.5,112.5,119.5,1175000,118.55,117.05,1,1.0,0.0008375209380233617,0.0008375209380233617,0.17156862745098223,0.11786716557530452
2023-06-26,117.6,122.6,112.6,119.6,1176000,118.65,117.15,1,1.0,0.0008368200836819106,0.0008368200836819106,0.17254901960784497,0.11880261927034641
2023-06-27,117.7,122.7,112.7,119.7,1177000,118.75,117.25,1,1.0,0.0008361204013378476,0.0008361204013378476,0.1735294117647077,0.11973807296538852
2023-06-28,117.8,122.8,112.8,119.8,1178000,118.85,117.35,1,1.0,0.0008354218880535225,0.0008354218880535225,0.17450980392157045,0.12067352666043063
2023-06-29,117.9,122.9,112.9,119.9,1179000,118.95,117.45,1,1.0,0.0008347245409014992,0.0008347245409014992,0.1754901960784332,0.12160898035547274
2023-06-30,118.0,123.0,113.0,120.0,1180000,119.05,117.55,1,1.0,0.0008340283569641116,0.0008340283569641116,0.17647058823529593,0.12254443405051485
2023-07-01,118.1,123.1,113.1,120.1,1181000,119.15,117.65,1,1.0,0.0008333333333332416,0.0008333333333332416,0.17745098039215867,0.12347988774555674
2023-07-02,118.2,123.2,113.2,120.2,1182000,119.25,117.75,1,1.0,0.0008326394671107629,0.0008326394671107629,0.17843137254902142,0.12441534144059885
2023-07-03,118.3,123.3,113.3,120.3,1183000,119.35,117.85,1,1.0,0.0008319467554076532,0.0008319467554076532,0.17941176470588416,0.12535079513564096
2023-07-04,118.4,123.4,113.4,120.4,1184000,119.45,117.95,1,1.0,0.0008312551953451042,0.0008312551953451042,0.18039215686274712,0.1262862488306833
2023-07-05,118.5,123.5,113.5,120.5,1185000,119.55,118.05,1,1.0,0.0008305647840531893,0.0008305647840531893,0.18137254901960986,0.1272217025257254
2023-07-06,118.6,123.6,113.6,120.6,1186000,119.65,118.15,1,1.0,0.0008298755186721962,0.0008298755186721962,0.1823529411764726,0.1281571562207675
2023-07-07,118.7,123.7,113.7,120.7,1187000,119.75,118.25,1,1.0,0.0008291873963517382,0.0008291873963517382,0.18333333333333557,0.12909260991580984
2023-07-08,118.8,123.8,113.8,120.8,1188000,119.85,118.35,1,1.0,0.0008285004142500885,0.0008285004142500885,0.1843137254901981,0.13002806361085173
2023-07-09,118.9,123.9,113.9,120.9,1189000,119.95,118.45,1,1.0,0.0008278145695364003,0.0008278145695364003,0.18529411764706083,0.13096351730589384
2023-07-10,119.0,124.0,114.0,121.0,1190000,120.05,118.55,1,1.0,0.0008271298593878207,0.0008271298593878207,0.18627450980392335,0.13189897100093573
2023-07-11,119.1,124.1,114.1,121.1,1191000,120.15,118.65,1,1.0,0.0008264462809917106,0.0008264462809917106,0.1872549019607861,0.13283442469597784
2023-07-12,119.2,124.2,114.2,121.2,1192000,120.25,118.75,1,1.0,0.0008257638315443128,0.0008257638315443128,0.18823529411764905,0.13376987839102017
2023-07-13,119.3,124.3,114.3,121.3,1193000,120.35,118.85,1,1.0,0.0008250825082507518,0.0008250825082507518,0.1892156862745118,0.13470533208606228
2023-07-14,119.4,124.4,114.4,121.4,1194000,120.45,118.95,1,1.0,0.0008244023083265883,0.0008244023083265883,0.19019607843137476,0.1356407857811046
2023-07-15,119.5,124.5,114.5,121.5,1195000,120.55,119.05,1,1.0,0.0008237232289949326,0.0008237232289949326,0.19117647058823728,0.1365762394761465
2023-07-16,119.6,124.6,114.6,121.6,1196000,120.65,119.15,1,1.0,0.0008230452674897748,0.0008230452674897748,0.19215686274510002,0.1375116931711886
2023-07-17,119.7,124.7,114.7,121.7,1197000,120.75,119.25,1,1.0,0.000822368421052655,0.000822368421052655,0.19313725490196276,0.13844714686623072
2023-07-18,119.8,124.8,114.8,121.8,1198000,120.85,119.35,1,1.0,0.0008216926869351049,0.0008216926869351049,0.1941176470588255,0.13938260056127283
2023-07-19,119.9,124.9,114.9,121.9,1199000,120.95,119.45,1,1.0,0.0008210180623975383,0.0008210180623975383,0.19509803921568847,0.14031805425631516
2023-07-20,120.0,125.0,115.0,122.0,1200000,121.05,119.55,1,1.0,0.0008203445447088065,0.0008203445447088065,0.1960784313725512,0.14125350795135727
2023-07-21,120.1,125.1,115.1,122.1,1201000,121.15,119.65,1,1.0,0.0008196721311475308,0.0008196721311475308,0.19705882352941395,0.14218896164639938
2023-07-22,120.2,125.2,115.2,122.2,1202000,121.25,119.75,1,1.0,0.0008190008190009923,0.0008190008190009923,0.19803921568627691,0.1431244153414417
2023-07-23,120.3,125.3,115.3,122.3,1203000,121.35,119.85,1,1.0,0.0008183306055646877,0.0008183306055646877,0.19901960784313966,0.14405986903648382
2023-07-24,120.4,125.4,115.4,122.4,1204000,121.45,119.95,1,1.0,0.0008176614881438837,0.0008176614881438837,0.2000000000000024,0.14499532273152593
2023-07-25,120.5,125.5,115.5,122.5,1205000,121.55,120.05,1,1.0,0.0008169934640522847,0.0008169934640522847,0.20098039215686514,0.14593077642656804
2023-07-26,120.6,125.6,115.6,122.6,1206000,121.65,120.15,1,1.0,0.0008163265306122547,0.0008163265306122547,0.20196078431372788,0.14686623012161015
2023-07-27,120.7,125.7,115.7,122.7,1207000,121.75,120.25,1,1.0,0.0008156606851550396,0.0008156606851550396,0.20294117647059062,0.14780168381665226
2023-07-28,120.8,125.8,115.8,122.8,1208000,121.85,120.35,1,1.0,0.0008149959250203231,0.0008149959250203231,0.20392156862745336,0.14873713751169437
2023-07-29,120.9,125.9,115.9,122.9,1209000,121.95,120.45,1,1.0,0.0008143322475571146,0.0008143322475571146,0.20490196078431633,0.1496725912067367
2023-07-30,121.0,126.0,116.0,123.0,1210000,122.05,120.55,1,1.0,0.0008136696501219731,0.0008136696501219731,0.20588235294117907,0.15060804490177881
2023-07-31,121.1,126.1,116.1,123.1,1211000,122.15,120.65,1,1.0,0.0008130081300812275,0.0008130081300812275,0.2068627450980418,0.15154349859682092
2023-08-01,121.2,126.2,116.2,123.2,1212000,122.25,120.75,1,1.0,0.0008123476848092004,0.0008123476848092004,0.20784313725490478,0.15247895229186303
2023-08-02,121.3,126.3,116.3,123.3,1213000,122.35,120.85,1,1.0,0.0008116883116882079,0.0008116883116882079,0.2088235294117673,0.15341440598690492
2023-08-03,121.4,126.4,116.4,123.4,1214000,122.45,120.95,1,1.0,0.0008110300081103361,0.0008110300081103361,0.20980392156863004,0.15434985968194703
2023-08-04,121.5,126.5,116.5,123.5,1215000,122.55,121.05,1,1.0,0.0008103727714747766,0.0008103727714747766,0.21078431372549256,0.15528531337698892
2023-08-05,121.6,126.6,116.6,123.6,1216000,122.65,121.15,1,1.0,0.0008097165991902688,0.0008097165991902688,0.2117647058823553,0.15622076707203103
2023-08-06,121.7,126.7,116.7,123.7,1217000,122.75,121.25,1,1.0,0.0008090614886731018,0.0008090614886731018,0.21274509803921804,0.15715622076707314
2023-08-07,121.8,126.8,116.8,123.8,1218000,122.85,121.35,1,1.0,0.0008084074373484462,0.0008084074373484462,0.21372549019608078,0.15809167446211525
2023-08-08,121.9,126.9,116.9,123.9,1219000,122.95,121.45,1,1.0,0.0008077544426494665,0.0008077544426494665,0.21470588235294352,0.15902712815715736
2023-08-09,122.0,127.0,117.0,124.0,1220000,123.05,121.55,1,1.0,0.0008071025020177647,0.0008071025020177647,0.21568627450980626,0.15996258185219947
2023-08-10,122.1,127.1,117.1,124.1,1221000,123.15,121.65,1,1.0,0.0008064516129031585,0.0008064516129031585,0.216666666666669,0.16089803554724158
2023-08-11,122.2,127.2,117.2,124.2,1222000,123.25,121.75,1,1.0,0.0008058017727639033,0.0008058017727639033,0.21764705882353175,0.1618334892422837
2023-08-12,122.3,127.3,117.3,124.3,1223000,123.35,121.85,1,1.0,0.0008051529790660261,0.0008051529790660261,0.2186274509803945,0.1627689429373258
2023-08-13,122.4,127.4,117.4,124.4,1224000,123.45,121.95,1,1.0,0.0008045052292839916,0.0008045052292839916,0.21960784313725723,0.1637043966323679
2023-08-14,122.5,127.5,117.5,124.5,1225000,123.55,122.05,1,1.0,0.000803858520900258,0.000803858520900258,0.22058823529411997,0.16463985032741002
2023-08-15,122.6,127.6,117.6,124.6,1226000,123.65,122.15,1,1.0,0.0008032128514054993,0.0008032128514054993,0.2215686274509825,0.1655753040224519
2023-08-16,122.7,127.7,117.7,124.7,1227000,123.75,122.25,1,1.0,0.0008025682182986049,0.0008025682182986049,0.22254901960784523,0.16651075771749402
2023-08-17,122.8,127.8,117.8,124.8,1228000,123.85,122.35,1,1.0,0.000801924619085792,0.000801924619085792,0.22352941176470797,0.16744621141253613
2023-08-18,122.9,127.9,117.9,124.9,1229000,123.95,122.45,1,1.0,0.0008012820512821595,0.0008012820512821595,0.22450980392157094,0.16838166510757846
2023-08-19,123.0,128.0,118.0,125.0,1230000,124.05,122.55,1,1.0,0.0008006405124099114,0.0008006405124099114,0.22549019607843368,0.16931711880262057
2023-08-20,123.1,128.1,118.1,125.1,1231000,124.15,122.65,1,1.0,0.0007999999999999119,0.0007999999999999119,0.22647058823529642,0.17025257249766246
2023-08-21,123.2,128.2,118.2,125.2,1232000,124.25,122.75,1,1.0,0.0007993605115907965,0.0007993605115907965,0.22745098039215916,0.17118802619270457
2023-08-22,123.3,128.3,118.3,125.3,1233000,124.35,122.85,1,1.0,0.0007987220447283061,0.0007987220447283061,0.22843137254902168,0.17212347988774646
2023-08-23,123.4,128.4,118.4,125.4,1234000,124.45,122.95,1,1.0,0.0007980845969672856,0.0007980845969672856,0.22941176470588442,0.17305893358278857
2023-08-24,123.5,128.5,118.5,125.5,1235000,124.55,123.05,1,1.0,0.0007974481658692412,0.0007974481658692412,0.23039215686274717,0.17399438727783068
2023-08-25,123.6,128.6,118.6,125.6,1236000,124.65,123.15,1,1.0,0.0007968127490038945,0.0007968127490038945,0.2313725490196099,0.17492984097287256
2023-08-26,123.7,128.7,118.7,125.7,1237000,124.75,123.25,1,1.0,0.0007961783439491832,0.0007961783439491832,0.23235294117647287,0.1758652946679149
2023-08-27,123.8,128.8,118.8,125.8,1238000,124.85,123.35,1,1.0,0.0007955449482894839,0.0007955449482894839,0.2333333333333354,0.17680074836295678
2023-08-28,123.9,128.9,118.9,125.9,1239000,124.95,123.45,1,1.0,0.0007949125596184992,0.0007949125596184992,0.23431372549019813,0.1777362020579989
2023-08-29,124.0,129.0,119.0,126.0,1240000,125.05,123.55,1,1.0,0.000794281175536149,0.000794281175536149,0.23529411764706087,0.178671655753041
2023-08-30,124.1,129.1,119.1,126.1,1241000,125.15,123.65,1,1.0,0.0007936507936507908,0.0007936507936507908,0.23627450980392362,0.1796071094480831
2023-08-31,124.2,129.2,119.2,126.2,1242000,125.25,123.75,1,1.0,0.0007930214115781098,0.0007930214115781098,0.23725490196078636,0.18054256314312522
2023-09-01,124.3,129.3,119.3,126.3,1243000,125.35,123.85,1,1.0,0.0007923930269413404,0.0007923930269413404,0.2382352941176491,0.18147801683816733
2023-09-02,124.4,129.4,119.4,126.4,1244000,125.45,123.95,1,1.0,0.0007917656373714888,0.0007917656373714888,0.23921568627451206,0.18241347053320967
2023-09-03,124.5,129.5,119.5,126.5,1245000,125.55,124.05,1,1.0,0.0007911392405062223,0.0007911392405062223,0.24019607843137458,0.18334892422825155
2023-09-04,124.6,129.6,119.6,126.6,1246000,125.65,124.15,1,1.0,0.0007905138339920903,0.0007905138339920903,0.24117647058823732,0.18428437792329366
2023-09-05,124.7,129.7,119.7,126.7,1247000,125.75,124.25,1,1.0,0.0007898894154818592,0.0007898894154818592,0.24215686274510007,0.18521983161833577
2023-09-06,124.8,129.8,119.8,126.8,1248000,125.85,124.35,1,1.0,0.0007892659826360671,0.0007892659826360671,0.2431372549019628,0.18615528531337788
2023-09-07,124.9,129.9,119.9,126.9,1249000,125.95,124.45,1,1.0,0.0007886435331230235,0.0007886435331230235,0.24411764705882555,0.18709073900842
2023-09-08,125.0,130.0,120.0,127.0,1250000,126.05,124.55,1,1.0,0.0007880220646176994,0.0007880220646176994,0.24509803921568807,0.18802619270346188
2023-09-09,125.1,130.1,120.1,127.1,1251000,126.15,124.65,1,1.0,0.0007874015748030594,0.0007874015748030594,0.2460784313725508,0.18896164639850377
2023-09-10,125.2,130.2,120.2,127.2,1252000,126.25,124.75,1,1.0,0.0007867820613691734,0.0007867820613691734,0.24705882352941377,0.1898971000935461
2023-09-11,125.3,130.3,120.3,127.3,1253000,126.35,124.85,1,1.0,0.0007861635220125507,0.0007861635220125507,0.24803921568627652,0.1908325537885882
2023-09-12,125.4,130.4,120.4,127.4,1254000,126.45,124.95,1,1.0,0.0007855459544383603,0.0007855459544383603,0.24901960784313926,0.19176800748363032
2023-09-13,125.5,130.5,120.5,127.5,1255000,126.55,125.05,1,1.0,0.0007849293563579884,0.0007849293563579884,0.250000000000002,0.19270346117867243
2023-09-14,125.6,130.6,120.6,127.6,1256000,126.65,125.15,1,1.0,0.0007843137254901489,0.0007843137254901489,0.25098039215686474,0.19363891487371454
2023-09-15,125.7,130.7,120.7,127.7,1257000,126.75,125.25,1,1.0,0.0007836990595611049,0.0007836990595611049,0.2519607843137275,0.19457436856875665
2023-09-16,125.8,130.8,120.8,127.8,1258000,126.85,125.35,1,1.0,0.000783085356303781,0.000783085356303781,0.2529411764705902,0.19550982226379876
2023-09-17,125.9,130.9,120.9,127.9,1259000,126.95,125.45,1,1.0,0.0007824726134586513,0.0007824726134586513,0.2539215686274532,0.1964452759588411
2023-09-18,126.0,131.0,121.0,128.0,1260000,127.05,125.55,1,1.0,0.0007818608287724071,0.0007818608287724071,0.25490196078431593,0.1973807296538832
2023-09-19,126.1,131.1,121.1,128.1,1261000,127.15,125.65,1,1.0,0.0007812499999999556,0.0007812499999999556,0.25588235294117867,0.1983161833489253
2023-09-20,126.2,131.2,121.2,128.2,1262000,127.25,125.75,1,1.0,0.0007806401249024209,0.0007806401249024209,0.2568627450980414,0.19925163704396742
2023-09-21,126.3,131.3,121.3,128.3,1263000,127.35,125.85,1,1.0,0.0007800312012482546,0.0007800312012482546,0.2578431372549044,0.20018709073900975
2023-09-22,126.4,131.4,121.4,128.4,1264000,127.45,125.95,1,1.0,0.000779423226812126,0.000779423226812126,0.2588235294117671,0.20112254443405186
2023-09-23,126.5,131.5,121.5,128.5,1265000,127.55,126.05,1,1.0,0.0007788161993769194,0.0007788161993769194,0.25980392156862986,0.20205799812909397
2023-09-24,126.6,131.6,121.6,128.6,1266000,127.65,126.15,1,1.0,0.0007782101167315147,0.0007782101167315147,0.2607843137254926,0.20299345182413608
2023-09-25,126.7,131.7,121.7,128.7,1267000,127.75,126.25,1,1.0,0.0007776049766718973,0.0007776049766718973,0.26176470588235534,0.2039289055191782
2023-09-26,126.8,131.8,121.8,128.8,1268000,127.85,126.35,1,1.0,0.0007770007770009357,0.0007770007770009357,0.2627450980392183,0.20486435921422053
2023-09-27,126.9,131.9,121.9,128.9,1269000,127.95,126.45,1,1.0,0.0007763975155279379,0.0007763975155279379,0.26372549019608105,0.20579981290926264
2023-09-28,127.0,132.0,122.0,129.0,1270000,128.05,126.55,1,1.0,0.0007757951900697613,0.0007757951900697613,0.2647058823529438,0.20673526660430475
2023-09-29,127.1,132.1,122.1,129.1,1271000,128.15,126.65,1,1.0,0.0007751937984494806,0.0007751937984494806,0.2656862745098063,0.20767072029934663
2023-09-30,127.2,132.2,122.2,129.2,1272000,128.25,126.75,1,1.0,0.0007745933384972759,0.0007745933384972759,0.26666666666666905,0.20860617399438874
2023-10-01,127.3,132.3,122.3,129.3,1273000,128.35,126.85,1,1.0,0.0007739938080497666,0.0007739938080497666,0.267647058823532,0.20954162768943108
2023-10-02,127.4,132.4,122.4,129.4,1274000,128.45,126.95,1,1.0,0.0007733952049497894,0.0007733952049497894,0.26862745098039476,0.21047708138447319
2023-10-03,127.5,132.5,122.5,129.5,1275000,128.55,127.05,1,1.0,0.0007727975270479526,0.0007727975270479526,0.2696078431372575,0.2114125350795153
2023-10-04,127.6,132.6,122.6,129.6,1276000,128.65,127.15,1,1.0,0.0007722007722006374,0.0007722007722006374,0.27058823529412,0.21234798877455718
2023-10-05,127.7,132.7,122.7,129.7,1277000,128.75,127.25,1,1.0,0.0007716049382715529,0.0007716049382715529,0.27156862745098276,0.2132834424695993
2023-10-06,127.8,132.8,122.8,129.8,1278000,128.85,127.35,1,1.0,0.0007710100231304029,0.0007710100231304029,0.2725490196078457,0.2142188961646414
2023-10-07,127.9,132.9,122.9,129.9,1279000,128.95,127.45,1,1.0,0.0007704160246533309,0.0007704160246533309,0.27352941176470846,0.2151543498596835
2023-10-08,128.0,133.0,123.0,130.0,1280000,129.05,127.55,1,1.0,0.0007698229407235857,0.0007698229407235857,0.2745098039215712,0.21608980355472562
2023-10-09,128.1,133.1,123.1,130.1,1281000,129.15,127.65,1,1.0,0.0007692307692306333,0.0007692307692306333,0.2754901960784337,0.2170252572497675
2023-10-10,128.2,133.2,123.2,130.2,1282000,129.25,127.75,1,1.0,0.000768639508070601,0.000768639508070601,0.27647058823529624,0.2179607109448094
2023-10-11,128.3,133.3,123.3,130.3,1283000,129.35,127.85,1,1.0,0.0007680491551460555,0.0007680491551460555,0.2774509803921592,0.21889616463985173
2023-10-12,128.4,133.4,123.4,130.4,1284000,129.45,127.95,1,1.0,0.0007674597083653367,0.0007674597083653367,0.27843137254902195,0.21983161833489384
2023-10-13,128.5,133.5,123.5,130.5,1285000,129.55,128.05,1,1.0,0.0007668711656441118,0.0007668711656441118,0.2794117647058847,0.22076707202993595
2023-10-14,128.6,133.6,123.6,130.6,1286000,129.65,128.15,1,1.0,0.0007662835249042654,0.0007662835249042654,0.28039215686274743,0.22170252572497806
2023-10-15,128.7,133.7,123.7,130.7,1287000,129.75,128.25,1,1.0,0.0007656967840734552,0.0007656967840734552,0.2813725490196102,0.22263797942002017
2023-10-16,128.8,133.8,123.8,130.8,1288000,129.85,128.35,1,1.0,0.0007651109410866663,0.0007651109410866663,0.28235294117647314,0.2235734331150625
2023-10-17,128.9,133.9,123.9,130.9,1289000,129.95,128.45,1,1.0,0.000764525993883769,0.000764525993883769,0.2833333333333359,0.2245088868101046
2023-10-18,129.0,134.0,124.0,131.0,1290000,130.05,128.55,1,1.0,0.0007639419404124048,0.0007639419404124048,0.2843137254901984,0.2254443405051465
2023-10-19,129.1,134.1,124.1,131.1,1291000,130.15,128.65,1,1.0,0.0007633587786259888,0.0007633587786259888,0.28529411764706114,0.2263797942001886
2023-10-20,129.2,134.2,124.2,131.2,1292000,130.25,128.75,1,1.0,0.0007627765064834868,0.0007627765064834868,0.28627450980392366,0.2273152478952305
2023-10-21,129.3,134.3,124.3,131.3,1293000,130.35,128.85,1,1.0,0.0007621951219514145,0.0007621951219514145,0.2872549019607866,0.22825070159027283
2023-10-22,129.4,134.4,124.4,131.4,1294000,130.45,128.95,1,1.0,0.0007616146230007281,0.0007616146230007281,0.28823529411764937,0.22918615528531494
2023-10-23,129.5,134.5,124.5,131.5,1295000,130.55,129.05,1,1.0,0.0007610350076103778,0.0007610350076103778,0.2892156862745121,0.23012160898035705
2023-10-24,129.6,134.6,124.6,131.6,1296000,130.65,129.15,1,1.0,0.0007604562737641984,0.0007604562737641984,0.29019607843137485,0.23105706267539916
2023-10-25,129.7,134.7,124.7,131.7,1297000,130.75,129.25,1,1.0,0.0007598784194529085,0.0007598784194529085,0.2911764705882376,0.23199251637044127
2023-10-26,129.8,134.8,124.8,131.8,1298000,130.85,129.35,1,1.0,0.0007593014426729994,0.0007593014426729994,0.2921568627451008,0.2329279700654836
2023-10-27,129.9,134.9,124.9,131.9,1299000,130.95,129.45,1,1.0,0.0007587253414262918,0.0007587253414262918,0.2931372549019633,0.2338634237605255
2023-10-28,130.0,135.0,125.0,132.0,1300000,131.05,129.55,1,1.0,0.0007581501137223778,0.0007581501137223778,0.2941176470588258,0.23479887745556738
2023-10-29,130.1,135.1,125.1,132.1,1301000,131.15,129.65,1,1.0,0.0007575757575757347,0.0007575757575757347,0.29509803921568856,0.2357343311506095
2023-10-30,130.2,135.2,125.2,132.2,1302000,131.25,129.75,1,1.0,0.0007570022710068347,0.0007570022710068347,0.2960784313725513,0.2366697848456516
2023-10-31,130.3,135.3,125.3,132.3,1303000,131.35,129.85,1,1.0,0.0007564296520425895,0.0007564296520425895,0.29705882352941426,0.23760523854069393
2023-11-01,130.4,135.4,125.4,132.4,1304000,131.45,129.95,1,1.0,0.0007558578987150177,0.0007558578987150177,0.298039215686277,0.23854069223573604
2023-11-02,130.5,135.5,125.5,132.5,1305000,131.55,130.05,1,1.0,0.0007552870090634656,0.0007552870090634656,0.29901960784313975,0.23947614593077815
2023-11-03,130.6,135.6,125.6,132.6,1306000,131.65,130.15,1,1.0,0.0007547169811319421,0.0007547169811319421,0.30000000000000226,0.24041159962582004
2023-11-04,130.7,135.7,125.7,132.7,1307000,131.75,130.25,1,1.0,0.0007541478129713397,0.0007541478129713397,0.300980392156865,0.24134705332086215
2023-11-05,130.8,135.8,125.8,132.8,1308000,131.85,130.35,1,1.0,0.0007535795026376579,0.0007535795026376579,0.30196078431372797,0.24228250701590448
2023-11-06,130.9,135.9,125.9,132.9,1309000,131.95,130.45,1,1.0,0.0007530120481926694,0.0007530120481926694,0.3029411764705905,0.24321796071094637
2023-11-07,131.0,136.0,126.0,133.0,1310000,132.05,130.55,1,1.0,0.0007524454477050302,0.0007524454477050302,0.30392156862745323,0.24415341440598848
2023-11-08,131.1,136.1,126.1,133.1,1311000,132.15,130.65,1,1.0,0.0007518796992480592,0.0007518796992480592,0.304901960784316,0.2450888681010306
2023-11-09,131.2,136.2,126.2,133.2,1312000,132.25,130.75,1,1.0,0.0007513148009015147,0.0007513148009015147,0.3058823529411787,0.2460243217960727
2023-11-10,131.3,136.3,126.3,133.3,1313000,132.35,130.85,1,1.0,0.0007507507507509281,0.0007507507507509281,0.3068627450980417,0.24695977549111503
2023-11-11,131.4,136.4,126.4,133.4,1314000,132.45,130.95,1,1.0,0.0007501875468867159,0.0007501875468867159,0.3078431372549044,0.24789522918615714
2023-11-12,131.5,136.5,126.5,133.5,1315000,132.55,131.05,1,1.0,0.0007496251874061777,0.0007496251874061777,0.30882352941176694,0.24883068288119903
2023-11-13,131.6,136.6,126.6,133.6,1316000,132.65,131.15,1,1.0,0.0007490636704119424,0.0007490636704119424,0.3098039215686297,0.24976613657624114
2023-11-14,131.7,136.7,126.7,133.7,1317000,132.75,131.25,1,1.0,0.0007485029940119681,0.0007485029940119681,0.3107843137254924,0.25070159027128325
2023-11-15,131.8,136.8,126.8,133.8,1318000,132.85,131.35,1,1.0,0.0007479431563202077,0.0007479431563202077,0.3117647058823554,0.25163704396632536
2023-11-16,131.9,136.9,126.9,133.9,1319000,132.95,131.45,1,1.0,0.0007473841554559435,0.0007473841554559435,0.31274509803921813,0.25257249766136747
2023-11-17,132.0,137.0,127.0,134.0,1320000,133.05,131.55,1,1.0,0.0007468259895444529,0.0007468259895444529,0.31372549019608087,0.2535079513564096
2023-11-18,132.1,137.1,127.1,134.1,1321000,133.15,131.65,1,1.0,0.0007462686567163423,0.0007462686567163423,0.3147058823529436,0.2544434050514517
2023-11-19,132.2,137.2,127.2,134.2,1322000,133.25,131.75,1,1.0,0.0007457121551079915,0.0007457121551079915,0.31568627450980613,0.2553788587464936
2023-11-20,132.3,137.3,127.30000000000001,134.3,1323000,133.35,131.85,1,1.0,0.0007451564828615531,0.0007451564828615531,0.3166666666666691,0.2563143124415359
2023-11-21,132.4,137.4,127.4,134.4,1324000,133.45,131.95,1,1.0,0.0007446016381236209,0.0007446016381236209,0.31764705882353184,0.257249766136578
2023-11-22,132.5,137.5,127.5,134.5,1325000,133.55,132.05,1,1.0,0.0007440476190476719,0.0007440476190476719,0.3186274509803946,0.2581852198316201
2023-11-23,132.6,137.6,127.6,134.6,1326000,133.65,132.15,1,1.0,0.0007434944237918462,0.0007434944237918462,0.3196078431372573,0.25912067352666224
2023-11-24,132.7,137.7,127.7,134.7,1327000,133.75,132.25,1,1.0,0.0007429420505200568,0.0007429420505200568,0.32058823529412006,0.26005612722170435
2023-11-25,132.8,137.8,127.80000000000001,134.8,1328000,133.85,132.35,1,1.0,0.0007423904974017681,0.0007423904974017681,0.321568627450983,0.2609915809167467
2023-11-26,132.9,137.9,127.9,134.9,1329000,133.95,132.45,1,1.0,0.0007418397626113293,0.0007418397626113293,0.32254901960784577,0.2619270346117888
2023-11-27,133.0,138.0,128.0,135.0,1330000,134.05,132.55,1,1.0,0.000741289844329085,0.000741289844329085,0.3235294117647085,0.2628624883068309
2023-11-28,133.1,138.1,128.1,135.1,1331000,134.15,132.65,1,1.0,0.0007407407407407085,0.0007407407407407085,0.32450980392157125,0.263797942001873
2023-11-29,133.2,138.2,128.2,135.2,1332000,134.25,132.75,1,1.0,0.0007401924500369805,0.0007401924500369805,0.325490196078434,0.2647333956969151
2023-11-30,133.3,138.3,128.3,135.3,1333000,134.35,132.85,1,1.0,0.0007396449704144548,0.0007396449704144548,0.3264705882352972,0.26566884939195745
2023-12-01,133.4,138.4,128.4,135.4,1334000,134.45,132.95,1,1.0,0.0007390983000739038,0.0007390983000739038,0.3274509803921599,0.26660430308699956
2023-12-02,133.5,138.5,128.5,135.5,1335000,134.55,133.05,1,1.0,0.0007385524372229835,0.0007385524372229835,0.32843137254902266,0.26753975678204167
2023-12-03,133.6,138.6,128.6,135.6,1336000,134.65,133.15,1,1.0,0.0007380073800737907,0.0007380073800737907,0.3294117647058854,0.2684752104770838
2023-12-04,133.7,138.7,128.7,135.7,1337000,134.75,133.25,1,1.0,0.0007374631268435294,0.0007374631268435294,0.3303921568627479,0.26941066417212567
2023-12-05,133.8,138.8,128.8,135.8,1338000,134.85,133.35,1,1.0,0.0007369196757556207,0.0007369196757556207,0.3313725490196111,0.2703461178671682
2023-12-06,133.9,138.9,128.9,135.9,1339000,134.95,133.45,1,1.0,0.0007363770250368162,0.0007363770250368162,0.33235294117647385,0.27128157156221033
2023-12-07,134.0,139.0,129.0,136.0,1340000,135.05,133.55,1,1.0,0.0007358351729211954,0.0007358351729211954,0.3333333333333366,0.27221702525725244
2023-12-08,134.1,139.1,129.1,136.1,1341000,135.15,133.65,1,1.0,0.0007352941176470562,0.0007352941176470562,0.33431372549019933,0.27315247895229455
2023-12-09,134.2,139.2,129.2,136.2,1342000,135.25,133.75,1,1.0,0.0007347538574578039,0.0007347538574578039,0.3352941176470621,0.27408793264733666
2023-12-10,134.3,139.3,129.3,136.3,1343000,135.35,133.85,1,1.0,0.0007342143906021725,0.0007342143906021725,0.33627450980392504,0.275023386342379
2023-12-11,134.4,139.4,129.4,136.4,1344000,135.45,133.95,1,1.0,0.0007336757153337814,0.0007336757153337814,0.3372549019607878,0.2759588400374211
2023-12-12,134.5,139.5,129.5,136.5,1345000,135.55,134.05,1,1.0,0.0007331378299120228,0.0007331378299120228,0.3382352941176505,0.2768942937324632
2023-12-13,134.6,139.6,129.6,136.6,1346000,135.65,134.15,1,1.0,0.00073260073260073,0.00073260073260073,0.33921568627451326,0.2778297474275053
2023-12-14,134.7,139.7,129.7,136.7,1347000,135.75,134.25,1,1.0,0.0007320644216690653,0.0007320644216690653,0.340196078431376,0.27876520112254743
2023-12-15,134.8,139.8,129.8,136.8,1348000,135.85,134.35,1,1.0,0.00073152889539152,0.00073152889539152,0.34117647058823897,0.27970065481758977
2023-12-16,134.9,139.9,129.9,136.9,1349000,135.95,134.45,1,1.0,0.0007309941520468044,0.0007309941520468044,0.3421568627451017,0.2806361085126319
2023-12-17,135.0,140.0,130.0,137.0,1350000,136.05,134.55,1,1.0,0.0007304601899196239,0.0007304601899196239,0.34313725490196445,0.281571562207674
2023-12-18,135.1,140.1,130.1,137.1,1351000,136.15,134.65,1,1.0,0.0007299270072991249,0.0007299270072991249,0.34411764705882697,0.2825070159027159
2023-12-19,135.2,140.2,130.2,137.2,1352000,136.25,134.75,1,1.0,0.0007293946024800047,0.0007293946024800047,0.3450980392156897,0.283442469597758
2023-12-20,135.3,140.3,130.3,137.3,1353000,136.35,134.85,1,1.0,0.0007288629737611796,0.0007288629737611796,0.3460784313725529,0.2843779232928003
2023-12-21,135.4,140.4,130.4,137.4,1354000,136.45,134.95,1,1.0,0.0007283321194464509,0.0007283321194464509,0.34705882352941564,0.2853133769878424
2023-12-22,135.5,140.5,130.5,137.5,1355000,136.55,135.05,1,1.0,0.0007278020378456151,0.0007278020378456151,0.34803921568627816,0.2862488306828843
2023-12-23,135.6,140.6,130.6,137.6,1356000,136.65,135.15,1,1.0,0.0007272727272726875,0.0007272727272726875,0.3490196078431409,0.2871842843779264
2023-12-24,135.7,140.7,130.7,137.7,1357000,136.75,135.25,1,1.0,0.0007267441860465684,0.0007267441860465684,0.35000000000000364,0.28811973807296853
2023-12-25,135.8,140.8,130.8,137.8,1358000,136.85,135.35,1,1.0,0.0007262164124910431,0.0007262164124910431,0.3509803921568666,0.28905519176801087
2023-12-26,135.9,140.9,130.9,137.9,1359000,136.95,135.45,1,1.0,0.0007256894049345597,0.0007256894049345597,0.3519607843137291,0.28999064546305275
2023-12-27,136.0,141.0,131.0,138.0,1360000,137.05,135.55,1,1.0,0.0007251631617113397,0.0007251631617113397,0.35294117647059187,0.29092609915809486
2023-12-28,136.1,141.1,131.1,138.1,1361000,137.15,135.65,1,1.0,0.0007246376811593791,0.0007246376811593791,0.3539215686274546,0.291861552853137
2023-12-29,136.2,141.2,131.2,138.2,1362000,137.25,135.75,1,1.0,0.0007241129616220032,0.0007241129616220032,0.35490196078431735,0.2927970065481791
2023-12-30,136.3,141.3,131.3,138.3,1363000,137.35,135.85,1,1.0,0.0007235890014474222,0.0007235890014474222,0.35588235294118054,0.2937324602432214
2023-12-31,136.4,141.4,131.4,138.4,1364000,137.45,135.95,1,1.0,0.000723065798987621,0.000723065798987621,0.35686274509804305,0.2946679139382633
